station_code,station_name,category,annual_passengers,daily_passengers,footfall,passenger_data_source
ABU,Ambattur,SG 3,4380000.0,12000,,MANUAL_ESTIMATE
AJJ,Arakkonam Junction,NSG 2,,19205,,CATEGORY_MEDIAN_ESTIMATE
AVD,Avadi,NSG 2,,19205,,CATEGORY_MEDIAN_ESTIMATE
BBQ,Basin Bridge Junction,SG 3,2920000.0,8000,,MANUAL_ESTIMATE
CGL,Chengalpattu Junction,NSG 2,,19205,,CATEGORY_MEDIAN_ESTIMATE
CVP,Kovilpatti Koovilpati,NSG 4,873548.0,2393,4756.0,DAILY_ACTUAL
DG,Dindigul Junction,NSG 3,2011715.0,5512,11291.0,DAILY_ACTUAL
ERL,Eraniel,NSG 5,411405.0,1127,,DAILY_ACTUAL
JTJ,Jolarpettai Junction,NSG 3,,6339,,CATEGORY_MEDIAN_ESTIMATE
KPD,Vellore Katpadi Junction,NSG 2,,19205,,CATEGORY_MEDIAN_ESTIMATE
KRR,Karur Junction,NSG 4,,6258,,MANUAL_ESTIMATE
KYJ,Kayamkulam Junction,NSG 3,2380331.0,6521,,DAILY_ACTUAL
MAS,Chennai Central Puratchi Thalaivar Dr. M.G. Ramachandran Central Railway Station,NSG 1,54750000.0,150000,,MANUAL_ESTIMATE
MDU,Madurai Junction Madurai Sandhippu,NSG 2,6701350.0,18360,38131.0,DAILY_ACTUAL
MS,Chennai Egmore,NSG 1,36500000.0,100000,,MANUAL_ESTIMATE
NCJ,Nagercoil Junction Nagerkovil Sandhippu,NSG 3,2313910.0,6339,,DAILY_ACTUAL
NYY,Neyyattinkara,NSG 5,1086749.0,2977,,DAILY_ACTUAL
PASA,Parassala,NSG 5,915609.0,2509,,DAILY_ACTUAL
PER,Perambur,NSG 3,,6339,,CATEGORY_MEDIAN_ESTIMATE
QLN,Kollam Junction Quilon Junction,NSG 3,6704147.0,18368,,DAILY_ACTUAL
TBM,Tambaram,NSG 1,43800000.0,120000,,MANUAL_ESTIMATE
TEN,Tirunelveli Junction Tirunelveli Sandhippu,NSG 3,4020879.0,11016,23416.0,DAILY_ACTUAL
TMV,Tindivanam,NSG 5,,1218,,CATEGORY_MEDIAN_ESTIMATE
TPJ,Tiruchchirappalli Junction,NSG 2,7923000.0,21707,,ANNUAL_CONVERTED
TRL,Tiruvallur,NSG 2,,19205,,CATEGORY_MEDIAN_ESTIMATE
TVC,Thiruvananthapuram Central,NSG 2,10908300.0,29886,,DAILY_ACTUAL
TVP,Thiruvananthapuram Pettah Trivandrum Pettah,NSG 6,150349.0,412,,DAILY_ACTUAL
VAK,Varkala,NSG 4,3341064.0,9154,,DAILY_ACTUAL
VLK,Villivakkam,SG 3,3650000.0,10000,,MANUAL_ESTIMATE
VM,Villupuram Junction,NSG 3,5400000.0,14795,,MANUAL_ESTIMATE
VPT,Virudhunagar Junction Virudhunagar Sandhippu,NSG 4,1338063.0,3666,6802.0,DAILY_ACTUAL
VRI,Vriddhachalam Junction,NSG 4,2190000.0,6000,,MANUAL_ESTIMATE
