rank,station_code,timetable_records,unique_trains,station_name,station_type,passenger_data_available,frequency_score,train_diversity_score,station_type_score,passenger_score,candidate_score
1,ERS,142,142,ERNAKULAM JN,Junction,True,78.45303867403315,78.45303867403315,100,100,85.99447513812154
2,GDR,181,181,GUDUR JN,Junction,False,100.0,100.0,100,0,85.0
3,BZA,171,171,VIJAYAWADA JN,Junction,False,94.47513812154696,94.47513812154696,100,0,81.40883977900552
4,TEL,171,171,TENALI JN,Junction,False,94.47513812154696,94.47513812154696,100,0,81.40883977900552
5,VGM,157,157,VINNAMANGALAM,Intermediate,True,86.74033149171271,86.74033149171271,40,100,79.38121546961327
6,VLT,157,157,VALATHOOR,Intermediate,True,86.74033149171271,86.74033149171271,40,100,79.38121546961327
7,AB,157,157,AMBUR,Intermediate,True,86.74033149171271,86.74033149171271,40,100,79.38121546961327
8,GYM,157,157,GUDIYATTAM,Intermediate,True,86.74033149171271,86.74033149171271,40,100,79.38121546961327
9,VN,157,157,VANIYAMBADI,Intermediate,True,86.74033149171271,86.74033149171271,40,100,79.38121546961327
10,KDY,157,157,KETTANDAPATTI,Intermediate,True,86.74033149171271,86.74033149171271,40,100,79.38121546961327
11,LTI,157,157,LATTERI,Intermediate,True,86.74033149171271,86.74033149171271,40,100,79.38121546961327
12,PCKM,157,157,PACHACHAKUPAM,Intermediate,True,86.74033149171271,86.74033149171271,40,100,79.38121546961327
13,MPI,157,157,MELPATTI,Intermediate,True,86.74033149171271,86.74033149171271,40,100,79.38121546961327
14,KVN,157,157,KAVANUR,Intermediate,True,86.74033149171271,86.74033149171271,40,100,79.38121546961327
15,TCR,155,155,THRISUR,Intermediate,True,85.6353591160221,85.6353591160221,40,100,78.66298342541437
16,VJ,155,155,VIRINCHIPURAM,Intermediate,True,85.6353591160221,85.6353591160221,40,100,78.66298342541437
17,MEH,155,155,MELALATHUR,Intermediate,True,85.6353591160221,85.6353591160221,40,100,78.66298342541437
18,DINR,152,152,DIVINE NAGAR,Intermediate,True,83.97790055248619,83.97790055248619,40,100,77.58563535911603
19,IPL,152,152,EDAPPALLY,Intermediate,True,83.97790055248619,83.97790055248619,40,100,77.58563535911603
20,ERN,152,152,ERNAKULAM TOWN,Intermediate,True,83.97790055248619,83.97790055248619,40,100,77.58563535911603
21,KLMR,152,152,KALAMASSERY,Intermediate,True,83.97790055248619,83.97790055248619,40,100,77.58563535911603
22,NYI,152,152,NELLAYI,Intermediate,True,83.97790055248619,83.97790055248619,40,100,77.58563535911603
23,OLR,152,152,THRISSUR OLLUR HALT,Intermediate,True,83.97790055248619,83.97790055248619,40,100,77.58563535911603
24,KUC,152,152,KARUKKUTTY,Intermediate,True,83.97790055248619,83.97790055248619,40,100,77.58563535911603
25,PUK,152,152,PUDUKAD,Intermediate,True,83.97790055248619,83.97790055248619,40,100,77.58563535911603
26,KRAN,152,152,KORATTI ANGADI,Intermediate,True,83.97790055248619,83.97790055248619,40,100,77.58563535911603
27,CKI,152,152,CHALAKUDI,Intermediate,True,83.97790055248619,83.97790055248619,40,100,77.58563535911603
28,IJK,152,152,IRINJALAKUDA,Intermediate,True,83.97790055248619,83.97790055248619,40,100,77.58563535911603
29,CWR,152,152,CHOVVARA,Intermediate,True,83.97790055248619,83.97790055248619,40,100,77.58563535911603
30,AWY,152,152,ALUVA,Intermediate,True,83.97790055248619,83.97790055248619,40,100,77.58563535911603
31,AFK,152,152,ANGAMALI,Intermediate,True,83.97790055248619,83.97790055248619,40,100,77.58563535911603
32,ED,157,157,ERODE JN,Junction,False,86.74033149171271,86.74033149171271,100,0,76.38121546961327
33,WJR,114,114,WALAJAH ROAD JN,Junction,True,62.98342541436463,62.98342541436463,100,100,75.93922651933701
34,OGL,179,179,ONGOLE,Intermediate,False,98.89502762430939,98.89502762430939,40,0,72.28176795580112
35,SA,144,144,SALEM JN,Junction,False,79.55801104972376,79.55801104972376,100,0,71.71270718232044
36,KOK,102,102,KORUKKUPET JN,Junction,True,56.353591160220994,56.353591160220994,100,100,71.62983425414365
37,MBL,177,177,MANUBOLU,Intermediate,False,97.79005524861878,97.79005524861878,40,0,71.56353591160222
38,NLR,177,177,NELLORE,Intermediate,False,97.79005524861878,97.79005524861878,40,0,71.56353591160222
39,NLS,177,177,NELLORE SOUTH,Intermediate,False,97.79005524861878,97.79005524861878,40,0,71.56353591160222
40,VDE,177,177,VEDAYAPALEM,Intermediate,False,97.79005524861878,97.79005524861878,40,0,71.56353591160222
41,VKT,177,177,VENKATACHALAM,Intermediate,False,97.79005524861878,97.79005524861878,40,0,71.56353591160222
42,UPD,176,176,ULAVAPADU,Intermediate,False,97.23756906077348,97.23756906077348,40,0,71.20441988950276
43,SVPM,176,176,S VENKTESWRPALM,Intermediate,False,97.23756906077348,97.23756906077348,40,0,71.20441988950276
44,PGU,176,176,PADUGUPADU,Intermediate,False,97.23756906077348,97.23756906077348,40,0,71.20441988950276
45,SDM,176,176,SURAREDDIPALEM,Intermediate,False,97.23756906077348,97.23756906077348,40,0,71.20441988950276
46,KVZ,176,176,KAVALI,Intermediate,False,97.23756906077348,97.23756906077348,40,0,71.20441988950276
47,SKM,176,176,SINGARAYAKONDA,Intermediate,False,97.23756906077348,97.23756906077348,40,0,71.20441988950276
48,KJJ,176,176,KODAVALURU,Intermediate,False,97.23756906077348,97.23756906077348,40,0,71.20441988950276
49,TNR,176,176,TANGUTURU,Intermediate,False,97.23756906077348,97.23756906077348,40,0,71.20441988950276
50,AXR,176,176,ALLURU ROAD,Intermediate,False,97.23756906077348,97.23756906077348,40,0,71.20441988950276
51,BTTR,176,176,BITRAGUNTA,Intermediate,False,97.23756906077348,97.23756906077348,40,0,71.20441988950276
52,TMC,176,176,TALAMANCHI,Intermediate,False,97.23756906077348,97.23756906077348,40,0,71.20441988950276
53,TTU,176,176,TETTU,Intermediate,False,97.23756906077348,97.23756906077348,40,0,71.20441988950276
54,JAQ,171,171,JANDRAPETA,Intermediate,False,94.47513812154696,94.47513812154696,40,0,69.40883977900552
55,CJM,171,171,CHINNA GANJAM,Intermediate,False,94.47513812154696,94.47513812154696,40,0,69.40883977900552
56,SPF,171,171,STUARTPURAM,Intermediate,False,94.47513812154696,94.47513812154696,40,0,69.40883977900552
57,KCC,171,171,KRISHNA CANAL,Intermediate,False,94.47513812154696,94.47513812154696,40,0,69.40883977900552
58,IPPM,171,171,IPURUPALEM,Intermediate,False,94.47513812154696,94.47513812154696,40,0,69.40883977900552
59,IPPN,171,171,IPURUPALEM HALT,Intermediate,False,94.47513812154696,94.47513812154696,40,0,69.40883977900552
60,CLX,171,171,CHIRALA,Intermediate,False,94.47513812154696,94.47513812154696,40,0,69.40883977900552
61,BPP,171,171,BAPATLA,Intermediate,False,94.47513812154696,94.47513812154696,40,0,69.40883977900552
62,TSR,171,171,TSUNDURU,Intermediate,False,94.47513812154696,94.47513812154696,40,0,69.40883977900552
63,UGD,171,171,UPPUGUNDURU,Intermediate,False,94.47513812154696,94.47513812154696,40,0,69.40883977900552
64,NDO,171,171,NIDUBROLU,Intermediate,False,94.47513812154696,94.47513812154696,40,0,69.40883977900552
65,VTM,171,171,VETAPALEMU,Intermediate,False,94.47513812154696,94.47513812154696,40,0,69.40883977900552
66,KRV,171,171,KARAVADI,Intermediate,False,94.47513812154696,94.47513812154696,40,0,69.40883977900552
67,KVDU,171,171,KADAVAKUDURU,Intermediate,False,94.47513812154696,94.47513812154696,40,0,69.40883977900552
68,MCVM,171,171,MACHAVARAM,Intermediate,False,94.47513812154696,94.47513812154696,40,0,69.40883977900552
69,KPLL,171,171,KOTTA PANDILA PALLI,Intermediate,False,94.47513812154696,94.47513812154696,40,0,69.40883977900552
70,MDKU,171,171,MODUKURU,Intermediate,False,94.47513812154696,94.47513812154696,40,0,69.40883977900552
71,RPRL,171,171,RAPARLA HALT,Intermediate,False,94.47513812154696,94.47513812154696,40,0,69.40883977900552
72,ANB,171,171,AMMANABROLU,Intermediate,False,94.47513812154696,94.47513812154696,40,0,69.40883977900552
73,APL,171,171,APPIKATLA,Intermediate,False,94.47513812154696,94.47513812154696,40,0,69.40883977900552
74,MSU,120,120,MOSUR,Intermediate,True,66.29834254143645,66.29834254143645,40,100,66.0939226519337
75,MAF,120,120,MANUR,Intermediate,True,66.29834254143645,66.29834254143645,40,100,66.0939226519337
76,TI,120,120,TIRUNINRAVUR,Intermediate,True,66.29834254143645,66.29834254143645,40,100,66.0939226519337
77,KBT,120,120,KADAMBATTUR,Intermediate,True,66.29834254143645,66.29834254143645,40,100,66.0939226519337
78,SPAM,120,120,SENJI PANAMBAKKAM,Intermediate,True,66.29834254143645,66.29834254143645,40,100,66.0939226519337
79,SVR,120,120,SEVVAPET ROAD,Intermediate,True,66.29834254143645,66.29834254143645,40,100,66.0939226519337
80,VEU,120,120,VEPPAMPATTU,Intermediate,True,66.29834254143645,66.29834254143645,40,100,66.0939226519337
81,EGT,120,120,EGATTUR HALT,Intermediate,True,66.29834254143645,66.29834254143645,40,100,66.0939226519337
82,TMVL,120,120,TIRUMULLAIVAYIL,Intermediate,True,66.29834254143645,66.29834254143645,40,100,66.0939226519337
83,HC,120,120,HINDU COLLEGE,Intermediate,True,66.29834254143645,66.29834254143645,40,100,66.0939226519337
84,TO,120,120,TIRUVALANGADU,Intermediate,True,66.29834254143645,66.29834254143645,40,100,66.0939226519337
85,PLMG,120,120,PULIYAMANGALAM,Intermediate,True,66.29834254143645,66.29834254143645,40,100,66.0939226519337
86,NEC,120,120,NEMILICHERRY HALT,Intermediate,True,66.29834254143645,66.29834254143645,40,100,66.0939226519337
87,PCW,120,120,PERAMBUR CARRIAGE WORKS,Intermediate,True,66.29834254143645,66.29834254143645,40,100,66.0939226519337
88,PEW,120,120,PERAMBUR LOCOMOTIVE WORKS,Intermediate,True,66.29834254143645,66.29834254143645,40,100,66.0939226519337
89,PTLR,120,120,PUTLUR HALT,Intermediate,True,66.29834254143645,66.29834254143645,40,100,66.0939226519337
90,PAB,120,120,PATTABIRAM,Intermediate,True,66.29834254143645,66.29834254143645,40,100,66.0939226519337
91,ANNR,120,120,ANNANUR,Intermediate,True,66.29834254143645,66.29834254143645,40,100,66.0939226519337
92,KOTR,120,120,KORATTUR,Intermediate,True,66.29834254143645,66.29834254143645,40,100,66.0939226519337
93,PVM,120,120,PATTARAVKKAM,Intermediate,True,66.29834254143645,66.29834254143645,40,100,66.0939226519337
94,PVD,160,160,PEDDAVADIAPUDI,Intermediate,False,88.39779005524862,88.39779005524862,40,0,65.45856353591161
95,DIG,160,160,DUGGIRALA,Intermediate,False,88.39779005524862,88.39779005524862,40,0,65.45856353591161
96,CLVR,160,160,CHILUVUR,Intermediate,False,88.39779005524862,88.39779005524862,40,0,65.45856353591161
97,KLX,160,160,KOLAKALUR,Intermediate,False,88.39779005524862,88.39779005524862,40,0,65.45856353591161
98,KAQ,160,160,KOLANUKONDA,Intermediate,False,88.39779005524862,88.39779005524862,40,0,65.45856353591161
99,VJM,118,118,VYASARPADI JEEVA,Intermediate,True,65.19337016574586,65.19337016574586,40,100,65.37569060773481
100,NBK,116,116,NUNGAMBAKKAM,Intermediate,True,64.08839779005525,64.08839779005525,40,100,64.65745856353591
101,PV,116,116,PALLAVARAM,Intermediate,True,64.08839779005525,64.08839779005525,40,100,64.65745856353591
102,MKK,116,116,KODAMBAKAM,Intermediate,True,64.08839779005525,64.08839779005525,40,100,64.65745856353591
103,MSC,116,116,CHENNAI CHETPAT,Intermediate,True,64.08839779005525,64.08839779005525,40,100,64.65745856353591
104,SP,116,116,SAIDAPET,Intermediate,True,64.08839779005525,64.08839779005525,40,100,64.65745856353591
105,MBM,116,116,MAMBALAM,Intermediate,True,64.08839779005525,64.08839779005525,40,100,64.65745856353591
106,TBMS,116,116,TAMBARAM SANATORIUM,Intermediate,True,64.08839779005525,64.08839779005525,40,100,64.65745856353591
107,STM,116,116,ST THOMAS MOUNT,Intermediate,True,64.08839779005525,64.08839779005525,40,100,64.65745856353591
108,GDY,116,116,GUINDY,Intermediate,True,64.08839779005525,64.08839779005525,40,100,64.65745856353591
109,CMP,116,116,CHROMEPET,Intermediate,True,64.08839779005525,64.08839779005525,40,100,64.65745856353591
110,SHU,114,114,SHOLINGHUR,Intermediate,True,62.98342541436463,62.98342541436463,40,100,63.93922651933701
111,MCN,114,114,MUKUNDARAYAPURM,Intermediate,True,62.98342541436463,62.98342541436463,40,100,63.93922651933701
112,SVUR,114,114,SEVUR,Intermediate,True,62.98342541436463,62.98342541436463,40,100,63.93922651933701
113,THL,114,114,TIRUVALAM,Intermediate,True,62.98342541436463,62.98342541436463,40,100,63.93922651933701
114,TUG,114,114,THALANGAI,Intermediate,True,62.98342541436463,62.98342541436463,40,100,63.93922651933701
115,CTRE,114,114,CHITTERI,Intermediate,True,62.98342541436463,62.98342541436463,40,100,63.93922651933701
116,AVN,114,114,ANAVARDIKHANPET,Intermediate,True,62.98342541436463,62.98342541436463,40,100,63.93922651933701
117,PZA,112,112,PALAVANTHANGAL,Intermediate,True,61.87845303867403,61.87845303867403,40,100,63.22099447513812
118,MN,112,112,MINAMBAKKAM,Intermediate,True,61.87845303867403,61.87845303867403,40,100,63.22099447513812
119,TLM,112,112,TRISULAM,Intermediate,True,61.87845303867403,61.87845303867403,40,100,63.22099447513812
120,CBE,115,115,COIMBATORE JN,Junction,False,63.53591160220995,63.53591160220995,100,0,61.29834254143647
121,GPD,102,102,GUMMIDIPUNDI,Intermediate,True,56.353591160220994,56.353591160220994,40,100,59.629834254143645
122,TADA,102,102,TADA,Intermediate,True,56.353591160220994,56.353591160220994,40,100,59.629834254143645
123,KAVM,102,102,KATHIVAKKAM,Intermediate,True,56.353591160220994,56.353591160220994,40,100,59.629834254143645
124,TNP,102,102,TONDIARPETTAI,Intermediate,True,56.353591160220994,56.353591160220994,40,100,59.629834254143645
125,SPE,102,102,SULLURUPETA,Intermediate,True,56.353591160220994,56.353591160220994,40,100,59.629834254143645
126,ENR,102,102,ENNORE,Intermediate,True,56.353591160220994,56.353591160220994,40,100,59.629834254143645
127,ELR,102,102,ELAVUR,Intermediate,True,56.353591160220994,56.353591160220994,40,100,59.629834254143645
128,AKM,102,102,ARAMBAKKAM,Intermediate,True,56.353591160220994,56.353591160220994,40,100,59.629834254143645
129,PON,102,102,PONNERI,Intermediate,True,56.353591160220994,56.353591160220994,40,100,59.629834254143645
130,DVR,102,102,DORAVARI CHATRAM,Intermediate,True,56.353591160220994,56.353591160220994,40,100,59.629834254143645
131,TVT,102,102,TIRUVOTTIYUR,Intermediate,True,56.353591160220994,56.353591160220994,40,100,59.629834254143645
132,WCN,102,102,WIMCO NAGAR,Intermediate,True,56.353591160220994,56.353591160220994,40,100,59.629834254143645
133,AIP,102,102,ATTIPPATTU,Intermediate,True,56.353591160220994,56.353591160220994,40,100,59.629834254143645
134,NPKM,102,102,NANDIYAMPAKKAM,Intermediate,True,56.353591160220994,56.353591160220994,40,100,59.629834254143645
135,NYP,102,102,NAYADUPETA,Intermediate,True,56.353591160220994,56.353591160220994,40,100,59.629834254143645
136,VOC,102,102,V.O.C. NAGAR,Intermediate,True,56.353591160220994,56.353591160220994,40,100,59.629834254143645
137,KVP,102,102,KAVARAIPPETTAI,Intermediate,True,56.353591160220994,56.353591160220994,40,100,59.629834254143645
138,PEL,102,102,POLIREDDIPALEM,Intermediate,True,56.353591160220994,56.353591160220994,40,100,59.629834254143645
139,AKAT,102,102,AKKAMPET,Intermediate,True,56.353591160220994,56.353591160220994,40,100,59.629834254143645
140,PYA,102,102,PEDAPARIYA,Intermediate,True,56.353591160220994,56.353591160220994,40,100,59.629834254143645
141,APB,102,102,ANUPPAMBATTU,Intermediate,True,56.353591160220994,56.353591160220994,40,100,59.629834254143645
142,MJR,102,102,MINJUR,Intermediate,True,56.353591160220994,56.353591160220994,40,100,59.629834254143645
143,PTJ,108,108,PODANUR JN,Junction,False,59.66850828729282,59.66850828729282,100,0,58.784530386740336
144,CV,141,141,KAVERI,Intermediate,False,77.90055248618785,77.90055248618785,40,0,58.6353591160221
145,DC,141,141,MAGUDANCHAVADI,Intermediate,False,77.90055248618785,77.90055248618785,40,0,58.6353591160221
146,SGE,141,141,SANKARIDURG,Intermediate,False,77.90055248618785,77.90055248618785,40,0,58.6353591160221
147,VRPD,141,141,VIRAPANDY ROAD,Intermediate,False,77.90055248618785,77.90055248618785,40,0,58.6353591160221
148,MGSJ,107,107,MAGNESITE JN,Junction,False,59.11602209944752,59.11602209944752,100,0,58.425414364640886
149,TPT,107,107,TIRUPATTUR JN,Junction,False,59.11602209944752,59.11602209944752,100,0,58.425414364640886
150,MVPM,140,140,MAVELIPALAIYAM,Intermediate,False,77.34806629834254,77.34806629834254,40,0,58.27624309392266
151,ANU,140,140,ANANGUR,Intermediate,False,77.34806629834254,77.34806629834254,40,0,58.27624309392266
152,NEA,140,140,NEYKKARAPATTI,Intermediate,False,77.34806629834254,77.34806629834254,40,0,58.27624309392266
153,RU,100,100,RENIGUNTA JN,Junction,False,55.24861878453039,55.24861878453039,100,0,55.91160220994476
154,PY,130,130,PERUNDURAI,Intermediate,False,71.8232044198895,71.8232044198895,40,0,54.68508287292818
155,SNO,130,130,SOMANUR,Intermediate,False,71.8232044198895,71.8232044198895,40,0,54.68508287292818
156,VZ,130,130,VIJAYAMANGALAM,Intermediate,False,71.8232044198895,71.8232044198895,40,0,54.68508287292818
157,TUP,130,130,TIRUPPUR,Intermediate,False,71.8232044198895,71.8232044198895,40,0,54.68508287292818
158,UKL,130,130,UTTUKULI,Intermediate,False,71.8232044198895,71.8232044198895,40,0,54.68508287292818
159,KUY,130,130,TIRUPPUR KULIPALAYAM,Intermediate,False,71.8232044198895,71.8232044198895,40,0,54.68508287292818
160,VNJ,130,130,TIRUPPUR VANJIPALAYAM,Intermediate,False,71.8232044198895,71.8232044198895,40,0,54.68508287292818
161,TPM,130,130,TOTIYAPALAYAM,Intermediate,False,71.8232044198895,71.8232044198895,40,0,54.68508287292818
162,IGU,130,130,IRUGUR,Intermediate,False,71.8232044198895,71.8232044198895,40,0,54.68508287292818
163,IGR,130,130,INGUR,Intermediate,False,71.8232044198895,71.8232044198895,40,0,54.68508287292818
164,SUU,130,130,SULUR ROAD,Intermediate,False,71.8232044198895,71.8232044198895,40,0,54.68508287292818
165,WKI,88,88,WADAKANCHERI,Intermediate,True,48.61878453038674,48.61878453038674,40,100,54.60220994475138
166,VTK,88,88,VALLATHOL NAGAR,Intermediate,True,48.61878453038674,48.61878453038674,40,100,54.60220994475138
167,PNQ,88,88,PUNKUNNAM,Intermediate,True,48.61878453038674,48.61878453038674,40,100,54.60220994475138
168,MUC,88,88,MULLURKARA,Intermediate,True,48.61878453038674,48.61878453038674,40,100,54.60220994475138
169,MGK,88,88,MULANGUNNATHUKAVU,Intermediate,True,48.61878453038674,48.61878453038674,40,100,54.60220994475138
170,CRY,78,78,CHIRAYINKIL,Intermediate,True,43.0939226519337,43.0939226519337,40,100,51.011049723756905
171,VELI,78,78,VELI,Intermediate,True,43.0939226519337,43.0939226519337,40,100,51.011049723756905
172,KFI,78,78,KAPPIL,Intermediate,True,43.0939226519337,43.0939226519337,40,100,51.011049723756905
173,KCVL,78,78,KOCHUVELI,Intermediate,True,43.0939226519337,43.0939226519337,40,100,51.011049723756905
174,STKT,78,78,SASTHANKOTTA,Intermediate,True,43.0939226519337,43.0939226519337,40,100,51.011049723756905
175,EVA,78,78,EDAVAI,Intermediate,True,43.0939226519337,43.0939226519337,40,100,51.011049723756905
176,MQU,78,78,MURUKKAMPUZHA,Intermediate,True,43.0939226519337,43.0939226519337,40,100,51.011049723756905
177,IRP,78,78,IRAVIPURAM,Intermediate,True,43.0939226519337,43.0939226519337,40,100,51.011049723756905
178,PGZ,78,78,PERUNGUZHI,Intermediate,True,43.0939226519337,43.0939226519337,40,100,51.011049723756905
179,AMY,78,78,AKATHUMURI,Intermediate,True,43.0939226519337,43.0939226519337,40,100,51.011049723756905
180,KXP,78,78,KANIYAPURAM,Intermediate,True,43.0939226519337,43.0939226519337,40,100,51.011049723756905
181,KVU,78,78,KADAKAVUR,Intermediate,True,43.0939226519337,43.0939226519337,40,100,51.011049723756905
182,KPY,78,78,KARUNAGAPALLI,Intermediate,True,43.0939226519337,43.0939226519337,40,100,51.011049723756905
183,KZK,78,78,KAZHAKUTTAM,Intermediate,True,43.0939226519337,43.0939226519337,40,100,51.011049723756905
184,MYY,78,78,MAYYANAD,Intermediate,True,43.0939226519337,43.0939226519337,40,100,51.011049723756905
185,OCR,78,78,OCHIRA,Intermediate,True,43.0939226519337,43.0939226519337,40,100,51.011049723756905
186,MQO,78,78,MUNROTURUTTU,Intermediate,True,43.0939226519337,43.0939226519337,40,100,51.011049723756905
187,PVU,78,78,PARAVUR,Intermediate,True,43.0939226519337,43.0939226519337,40,100,51.011049723756905
188,PRND,78,78,PERINAD,Intermediate,True,43.0939226519337,43.0939226519337,40,100,51.011049723756905
189,MRLM,112,112,MARUDALAM,Intermediate,False,61.87845303867403,61.87845303867403,40,0,48.22099447513812
190,PGT,109,109,PALAKKAD,Intermediate,False,60.22099447513812,60.22099447513812,40,0,47.14364640883978
191,WRA,107,107,WALAYAR,Intermediate,False,59.11602209944752,59.11602209944752,40,0,46.425414364640886
192,MDKI,107,107,MADUKARAI,Intermediate,False,59.11602209944752,59.11602209944752,40,0,46.425414364640886
193,LCR,107,107,LOKUR,Intermediate,False,59.11602209944752,59.11602209944752,40,0,46.425414364640886
194,KPPR,107,107,KARUPPUR,Intermediate,False,59.11602209944752,59.11602209944752,40,0,46.425414364640886
195,MAP,107,107,MORAPPUR,Intermediate,False,59.11602209944752,59.11602209944752,40,0,46.425414364640886
196,SLY,107,107,SAMALPATTI,Intermediate,False,59.11602209944752,59.11602209944752,40,0,46.425414364640886
197,DSPT,107,107,DANISHPET,Intermediate,False,59.11602209944752,59.11602209944752,40,0,46.425414364640886
198,KNNT,107,107,KUNNATHUR,Intermediate,False,59.11602209944752,59.11602209944752,40,0,46.425414364640886
199,KJKD,107,107,KANJIKODE,Intermediate,False,59.11602209944752,59.11602209944752,40,0,46.425414364640886
200,TNT,107,107,TINNAPPATTI,Intermediate,False,59.11602209944752,59.11602209944752,40,0,46.425414364640886
201,ETMD,107,107,ETTIMADAI,Intermediate,False,59.11602209944752,59.11602209944752,40,0,46.425414364640886
202,KEY,107,107,KAGANKARAI,Intermediate,False,59.11602209944752,59.11602209944752,40,0,46.425414364640886
203,TNGR,107,107,THONGANUR,Intermediate,False,59.11602209944752,59.11602209944752,40,0,46.425414364640886
204,BDY,107,107,BUDDIREDDIPPATI,Intermediate,False,59.11602209944752,59.11602209944752,40,0,46.425414364640886
205,DPI,107,107,DODDAMPATTI,Intermediate,False,59.11602209944752,59.11602209944752,40,0,46.425414364640886
206,DST,107,107,DASAMPATTI,Intermediate,False,59.11602209944752,59.11602209944752,40,0,46.425414364640886
207,BQI,107,107,BOMMIDI,Intermediate,False,59.11602209944752,59.11602209944752,40,0,46.425414364640886
208,CBF,105,105,COIMBATORE NORTH,Intermediate,False,58.011049723756905,58.011049723756905,40,0,45.70718232044199
209,SHI,105,105,SINGANALLUR,Intermediate,False,58.011049723756905,58.011049723756905,40,0,45.70718232044199
210,PLMD,105,105,PILAMEDU,Intermediate,False,58.011049723756905,58.011049723756905,40,0,45.70718232044199
211,ODUR,102,102,ODUR,Intermediate,False,56.353591160220994,56.353591160220994,40,0,44.629834254143645
212,TRTR,48,48,TRIUPUNITTURA,Intermediate,True,26.519337016574585,26.519337016574585,40,100,40.23756906077348
213,CNGR,48,48,CHENGANNUR,Intermediate,True,26.519337016574585,26.519337016574585,40,100,40.23756906077348
214,TRVL,48,48,TIRUVALLA,Intermediate,True,26.519337016574585,26.519337016574585,40,100,40.23756906077348
215,CGV,48,48,CHINGAVANAM,Intermediate,True,26.519337016574585,26.519337016574585,40,100,40.23756906077348
216,MVLK,48,48,MAVELIKARA,Intermediate,True,26.519337016574585,26.519337016574585,40,100,40.23756906077348
217,CYN,48,48,CHERIYANAD,Intermediate,True,26.519337016574585,26.519337016574585,40,100,40.23756906077348
218,KDTY,48,48,KADUTURUTTI HALT,Intermediate,True,26.519337016574585,26.519337016574585,40,100,40.23756906077348
219,KFQ,48,48,KUMARANALLUR,Intermediate,True,26.519337016574585,26.519337016574585,40,100,40.23756906077348
220,KFE,48,48,KURIKAD,Intermediate,True,26.519337016574585,26.519337016574585,40,100,40.23756906077348
221,ETM,48,48,ETTUMANUR,Intermediate,True,26.519337016574585,26.519337016574585,40,100,40.23756906077348
222,VARD,48,48,VAIKAM ROAD,Intermediate,True,26.519337016574585,26.519337016574585,40,100,40.23756906077348
223,CGY,48,48,CHANGANASERI,Intermediate,True,26.519337016574585,26.519337016574585,40,100,40.23756906077348
224,MNTT,48,48,MULANTURUTTI,Intermediate,True,26.519337016574585,26.519337016574585,40,100,40.23756906077348
225,KTYM,48,48,KOTTAYAM,Intermediate,True,26.519337016574585,26.519337016574585,40,100,40.23756906077348
226,KRPP,48,48,KURUPPANTHARA,Intermediate,True,26.519337016574585,26.519337016574585,40,100,40.23756906077348
227,KPTM,48,48,KANJIRAMITTAM,Intermediate,True,26.519337016574585,26.519337016574585,40,100,40.23756906077348
228,PVRD,48,48,PIRAVAM ROAD,Intermediate,True,26.519337016574585,26.519337016574585,40,100,40.23756906077348
229,OTP,88,88,OTTAPPALAM,Intermediate,False,48.61878453038674,48.61878453038674,40,0,39.60220994475138
230,MNUR,88,88,MANNANUR,Intermediate,False,48.61878453038674,48.61878453038674,40,0,39.60220994475138
231,MNY,88,88,MANKARAI,Intermediate,False,48.61878453038674,48.61878453038674,40,0,39.60220994475138
232,PLPM,88,88,PALAPPURAM,Intermediate,False,48.61878453038674,48.61878453038674,40,0,39.60220994475138
233,LDY,88,88,LAKKITI,Intermediate,False,48.61878453038674,48.61878453038674,40,0,39.60220994475138
234,PLL,88,88,PARLI,Intermediate,False,48.61878453038674,48.61878453038674,40,0,39.60220994475138
235,TPTY,87,87,TIRUPATI MAIN,Intermediate,False,48.06629834254144,48.06629834254144,40,0,39.24309392265194
236,PAK,49,49,PAKALA JN,Junction,False,27.071823204419886,27.071823204419886,100,0,37.59668508287292
237,KZTW,36,36,KULITTURAI WEST,Intermediate,True,19.88950276243094,19.88950276243094,40,100,35.928176795580114
238,DAVM,36,36,DHANUVACHAPURAM,Intermediate,True,19.88950276243094,19.88950276243094,40,100,35.928176795580114
239,BRAM,36,36,BALARAMAPURAM,Intermediate,True,19.88950276243094,19.88950276243094,40,100,35.928176795580114
240,AMVA,36,36,AMARAVILA HALT,Intermediate,True,19.88950276243094,19.88950276243094,40,100,35.928176795580114
241,VRLR,36,36,VIRANI ALUR,Intermediate,True,19.88950276243094,19.88950276243094,40,100,35.928176795580114
242,NJT,36,36,NAGERCOIL TOWN,Intermediate,True,19.88950276243094,19.88950276243094,40,100,35.928176795580114
243,NEM,36,36,NEMEM,Intermediate,True,19.88950276243094,19.88950276243094,40,100,35.928176795580114
244,KZT,36,36,KULITTHURAI,Intermediate,True,19.88950276243094,19.88950276243094,40,100,35.928176795580114
245,PYD,36,36,PALLIYADI,Intermediate,True,19.88950276243094,19.88950276243094,40,100,35.928176795580114
246,YAL,74,74,YATALURU,Intermediate,False,40.88397790055249,40.88397790055249,40,0,34.57458563535912
247,VDD,74,74,VENDODU,Intermediate,False,40.88397790055249,40.88397790055249,40,0,34.57458563535912
248,KHT,74,74,SRI KALAHASTI,Intermediate,False,40.88397790055249,40.88397790055249,40,0,34.57458563535912
249,YLK,74,74,YELLAKARU,Intermediate,False,40.88397790055249,40.88397790055249,40,0,34.57458563535912
250,YPD,74,74,YERPEDU,Intermediate,False,40.88397790055249,40.88397790055249,40,0,34.57458563535912
251,VKI,74,74,VENKATAGIRI,Intermediate,False,40.88397790055249,40.88397790055249,40,0,34.57458563535912
252,RCG,74,74,RACHAGUNNARI,Intermediate,False,40.88397790055249,40.88397790055249,40,0,34.57458563535912
253,KQA,74,74,KONDAGUNTA,Intermediate,False,40.88397790055249,40.88397790055249,40,0,34.57458563535912
254,NDZ,74,74,NIDIGALLU,Intermediate,False,40.88397790055249,40.88397790055249,40,0,34.57458563535912
255,AKY,74,74,AKKURTI,Intermediate,False,40.88397790055249,40.88397790055249,40,0,34.57458563535912
256,ALLP,30,30,ALLEPPEY,Intermediate,True,16.574585635359114,16.574585635359114,40,100,33.773480662983424
257,AROR,30,30,AROOR HALT,Intermediate,True,16.574585635359114,16.574585635359114,40,100,33.773480662983424
258,AMPA,30,30,AMBALAPUZHA,Intermediate,True,16.574585635359114,16.574585635359114,40,100,33.773480662983424
259,PNPR,30,30,PUNNAPURA,Intermediate,True,16.574585635359114,16.574585635359114,40,100,33.773480662983424
260,HAD,30,30,HARIPPAD,Intermediate,True,16.574585635359114,16.574585635359114,40,100,33.773480662983424
261,TUVR,30,30,TURAVUR,Intermediate,True,16.574585635359114,16.574585635359114,40,100,33.773480662983424
262,KAVR,30,30,KALAVUR HALT,Intermediate,True,16.574585635359114,16.574585635359114,40,100,33.773480662983424
263,KUMM,30,30,KUMBALAM,Intermediate,True,16.574585635359114,16.574585635359114,40,100,33.773480662983424
264,SRTL,30,30,SHERTALAI,Intermediate,True,16.574585635359114,16.574585635359114,40,100,33.773480662983424
265,KVTA,30,30,KARUVATTA HALT,Intermediate,True,16.574585635359114,16.574585635359114,40,100,33.773480662983424
266,MAKM,30,30,MARARIKULAM,Intermediate,True,16.574585635359114,16.574585635359114,40,100,33.773480662983424
267,TMPY,30,30,TUMBOLI,Intermediate,True,16.574585635359114,16.574585635359114,40,100,33.773480662983424
268,VAY,30,30,VAYALAR,Intermediate,True,16.574585635359114,16.574585635359114,40,100,33.773480662983424
269,CHPD,30,30,CHEPPAD HALT,Intermediate,True,16.574585635359114,16.574585635359114,40,100,33.773480662983424
270,EZP,30,30,EZHUPPUNNA,Intermediate,True,16.574585635359114,16.574585635359114,40,100,33.773480662983424
271,TRVZ,30,30,TIRUVIZHA,Intermediate,True,16.574585635359114,16.574585635359114,40,100,33.773480662983424
272,SRR,38,38,SHORANUR JN,Junction,False,20.994475138121548,20.994475138121548,100,0,33.646408839779006
273,MEJ,24,24,VANCHIMANIYACHI,Intermediate,True,13.259668508287293,13.259668508287293,40,100,31.61878453038674
274,RPM,24,24,ROYAPURAM,Intermediate,True,13.259668508287293,13.259668508287293,40,100,31.61878453038674
275,SDN,24,24,SHOLAVANDAN,Intermediate,True,13.259668508287293,13.259668508287293,40,100,31.61878453038674
276,NRK,24,24,NARAIKKINAR,Intermediate,True,13.259668508287293,13.259668508287293,40,100,31.61878453038674
277,NPK,24,24,NORTH PANAKUDI,Intermediate,True,13.259668508287293,13.259668508287293,40,100,31.61878453038674
278,NNN,24,24,NANGUNERI,Intermediate,True,13.259668508287293,13.259668508287293,40,100,31.61878453038674
279,MSF,24,24,CHENNAI FORT,Intermediate,True,13.259668508287293,13.259668508287293,40,100,31.61878453038674
280,MSB,24,24,CHENNAI BEACH,Intermediate,True,13.259668508287293,13.259668508287293,40,100,31.61878453038674
281,TDN,24,24,TIRUPARANKNDRM,Intermediate,True,13.259668508287293,13.259668508287293,40,100,31.61878453038674
282,KQN,24,24,KODAIKANAL ROAD,Intermediate,True,13.259668508287293,13.259668508287293,40,100,31.61878453038674
283,MPK,24,24,CHENNAI PARK,Intermediate,True,13.259668508287293,13.259668508287293,40,100,31.61878453038674
284,SER,24,24,SAMAYANALLUR,Intermediate,True,13.259668508287293,13.259668508287293,40,100,31.61878453038674
285,SGLM,24,24,SENGULAM,Intermediate,True,13.259668508287293,13.259668508287293,40,100,31.61878453038674
286,MP,24,24,MELAPPALAIYAM,Intermediate,True,13.259668508287293,13.259668508287293,40,100,31.61878453038674
287,KGD,24,24,KALLIGUDI,Intermediate,True,13.259668508287293,13.259668508287293,40,100,31.61878453038674
288,SRT,24,24,SATUR,Intermediate,True,13.259668508287293,13.259668508287293,40,100,31.61878453038674
289,TAY,24,24,TALAIYUTHU,Intermediate,True,13.259668508287293,13.259668508287293,40,100,31.61878453038674
290,GDN,24,24,GANGAIKONDAN,Intermediate,True,13.259668508287293,13.259668508287293,40,100,31.61878453038674
291,WST,24,24,WASHERMANPET,Intermediate,True,13.259668508287293,13.259668508287293,40,100,31.61878453038674
292,ABI,24,24,AMBATURAI,Intermediate,True,13.259668508287293,13.259668508287293,40,100,31.61878453038674
293,AAY,24,24,ARALVAYMOZHI,Intermediate,True,13.259668508287293,13.259668508287293,40,100,31.61878453038674
294,KDU,24,24,KADAMBUR,Intermediate,True,13.259668508287293,13.259668508287293,40,100,31.61878453038674
295,KON,24,24,KUDALNAGAR,Intermediate,True,13.259668508287293,13.259668508287293,40,100,31.61878453038674
296,THX,24,24,TOVALAI,Intermediate,True,13.259668508287293,13.259668508287293,40,100,31.61878453038674
297,TY,24,24,TULUKAPATI,Intermediate,True,13.259668508287293,13.259668508287293,40,100,31.61878453038674
298,VLY,24,24,VALLIYUR,Intermediate,True,13.259668508287293,13.259668508287293,40,100,31.61878453038674
299,TMQ,24,24,TIRUMANGALAM,Intermediate,True,13.259668508287293,13.259668508287293,40,100,31.61878453038674
300,VDP,24,24,VADIPPATTI,Intermediate,True,13.259668508287293,13.259668508287293,40,100,31.61878453038674
301,TDK,23,23,TADUKU,Intermediate,True,12.70718232044199,12.70718232044199,40,100,31.259668508287294
302,TRT,23,23,TIRUTTANI,Intermediate,True,12.70718232044199,12.70718232044199,40,100,31.259668508287294
303,PUDI,23,23,PUDI,Intermediate,True,12.70718232044199,12.70718232044199,40,100,31.259668508287294
304,NG,23,23,NAGARI,Intermediate,True,12.70718232044199,12.70718232044199,40,100,31.259668508287294
305,POI,23,23,PONPADI,Intermediate,True,12.70718232044199,12.70718232044199,40,100,31.259668508287294
306,VKZ,23,23,VENKATA NARASIMHA RAJU VARI PETA,Intermediate,True,12.70718232044199,12.70718232044199,40,100,31.259668508287294
307,VGA,23,23,VEPAGUNTA,Intermediate,True,12.70718232044199,12.70718232044199,40,100,31.259668508287294
308,EKM,23,23,EKAMBARAKUPPAM,Intermediate,True,12.70718232044199,12.70718232044199,40,100,31.259668508287294
309,PUT,23,23,PUTTUR,Intermediate,True,12.70718232044199,12.70718232044199,40,100,31.259668508287294
310,MYP,19,19,MUNDILYAMPAKKAM,Intermediate,True,10.497237569060774,10.497237569060774,40,100,29.823204419889503
311,PEI,19,19,PERANI,Intermediate,True,10.497237569060774,10.497237569060774,40,100,29.823204419889503
312,OLA,19,19,OLAKUR,Intermediate,True,10.497237569060774,10.497237569060774,40,100,29.823204419889503
313,MTL,19,19,MAILAM,Intermediate,True,10.497237569060774,10.497237569060774,40,100,29.823204419889503
314,VVN,19,19,VIKRAVANDI,Intermediate,True,10.497237569060774,10.497237569060774,40,100,29.823204419889503
315,PTM,19,19,PADALAM,Intermediate,True,10.497237569060774,10.497237569060774,40,100,29.823204419889503
316,MLMR,19,19,MELMARUVATTUR,Intermediate,True,10.497237569060774,10.497237569060774,40,100,29.823204419889503
317,KGZ,19,19,KARUNGUZHI,Intermediate,True,10.497237569060774,10.497237569060774,40,100,29.823204419889503
318,ACK,19,19,ACHARAPAKKAM,Intermediate,True,10.497237569060774,10.497237569060774,40,100,29.823204419889503
319,TZD,19,19,TOZHUPPEDU,Intermediate,True,10.497237569060774,10.497237569060774,40,100,29.823204419889503
320,MMK,19,19,MADURANTAKAM,Intermediate,True,10.497237569060774,10.497237569060774,40,100,29.823204419889503
321,OV,19,19,OTIVAKKAM,Intermediate,True,10.497237569060774,10.497237569060774,40,100,29.823204419889503
322,PWU,18,18,PARANUR,Intermediate,True,9.94475138121547,9.94475138121547,40,100,29.464088397790057
323,UPM,18,18,URAPPAKKAM,Intermediate,True,9.94475138121547,9.94475138121547,40,100,29.464088397790057
324,SKL,18,18,SINGAPERUMAL KOIL,Intermediate,True,9.94475138121547,9.94475138121547,40,100,29.464088397790057
325,MMNK,18,18,MARAIMALAM NAGAR,Intermediate,True,9.94475138121547,9.94475138121547,40,100,29.464088397790057
326,GI,18,18,GUDUVANCHERI,Intermediate,True,9.94475138121547,9.94475138121547,40,100,29.464088397790057
327,PRGL,18,18,PERUNGULATTUR,Intermediate,True,9.94475138121547,9.94475138121547,40,100,29.464088397790057
328,POTI,18,18,POTHERI HALT,Intermediate,True,9.94475138121547,9.94475138121547,40,100,29.464088397790057
329,CTM,18,18,KATTANGULATTUR,Intermediate,True,9.94475138121547,9.94475138121547,40,100,29.464088397790057
330,VDR,18,18,VANDALUR,Intermediate,True,9.94475138121547,9.94475138121547,40,100,29.464088397790057
331,SMDM,16,16,SAMUDRAM,Intermediate,True,8.83977900552486,8.83977900552486,40,100,28.745856353591158
332,MPA,16,16,MANAPARAI,Intermediate,True,8.83977900552486,8.83977900552486,40,100,28.745856353591158
333,VPJ,16,16,VALYAMPATTI,Intermediate,True,8.83977900552486,8.83977900552486,40,100,28.745856353591158
334,PUG,16,16,PUNGGUDI,Intermediate,True,8.83977900552486,8.83977900552486,40,100,28.745856353591158
335,VDM,16,16,VADAMADURA,Intermediate,True,8.83977900552486,8.83977900552486,40,100,28.745856353591158
336,AYR,16,16,AYYALUR,Intermediate,True,8.83977900552486,8.83977900552486,40,100,28.745856353591158
337,CII,16,16,CHETTIYAPATTI,Intermediate,True,8.83977900552486,8.83977900552486,40,100,28.745856353591158
338,TMP,16,16,TAMARAIPADI,Intermediate,True,8.83977900552486,8.83977900552486,40,100,28.745856353591158
339,KFC,16,16,KALPATTICHATRAM,Intermediate,True,8.83977900552486,8.83977900552486,40,100,28.745856353591158
340,KLS,16,16,KOLATUR,Intermediate,True,8.83977900552486,8.83977900552486,40,100,28.745856353591158
341,MPKT,11,11,CHENNAI PARK TOWN,Intermediate,True,6.077348066298343,6.077348066298343,40,100,26.950276243093924
342,CGI,49,49,CHANDRAGIRI,Intermediate,False,27.071823204419886,27.071823204419886,40,0,25.596685082872927
343,BUM,49,49,BOMMASAMUDRAM,Intermediate,False,27.071823204419886,27.071823204419886,40,0,25.596685082872927
344,KEN,49,49,KOTALA,Intermediate,False,27.071823204419886,27.071823204419886,40,0,25.596685082872927
345,RAM,49,49,RAMAPURAM,Intermediate,False,27.071823204419886,27.071823204419886,40,0,25.596685082872927
346,PTT,49,49,PUTALAPATTU,Intermediate,False,27.071823204419886,27.071823204419886,40,0,25.596685082872927
347,PYX,49,49,PEYANAPALLI,Intermediate,False,27.071823204419886,27.071823204419886,40,0,25.596685082872927
348,PAM,49,49,PANAPAKAM,Intermediate,False,27.071823204419886,27.071823204419886,40,0,25.596685082872927
349,CTO,49,49,CHITTOOR,Intermediate,False,27.071823204419886,27.071823204419886,40,0,25.596685082872927
350,TPW,49,49,TIRUPATI WEST HALT,Intermediate,False,27.071823204419886,27.071823204419886,40,0,25.596685082872927
351,SIE,49,49,SIDDAMPALLI,Intermediate,False,27.071823204419886,27.071823204419886,40,0,25.596685082872927
352,VB,3,3,VILLIYAMBAKKAM,Intermediate,True,1.6574585635359116,1.6574585635359116,40,100,24.07734806629834
353,RDY,3,3,REDIPALAYAM,Intermediate,True,1.6574585635359116,1.6574585635359116,40,100,24.07734806629834
354,TMLP,3,3,TIRUMALPUR,Intermediate,True,1.6574585635359116,1.6574585635359116,40,100,24.07734806629834
355,TKO,3,3,TAKKOLAM,Intermediate,True,1.6574585635359116,1.6574585635359116,40,100,24.07734806629834
356,NTT,3,3,NATHAPETTAI,Intermediate,True,1.6574585635359116,1.6574585635359116,40,100,24.07734806629834
357,PYV,3,3,PAZHAYA SEEVARAM,Intermediate,True,1.6574585635359116,1.6574585635359116,40,100,24.07734806629834
358,PALR,3,3,PALUR,Intermediate,True,1.6574585635359116,1.6574585635359116,40,100,24.07734806629834
359,WJ,3,3,WALAJABAD,Intermediate,True,1.6574585635359116,1.6574585635359116,40,100,24.07734806629834
360,CJ,3,3,KANCHIPURAM,Intermediate,True,1.6574585635359116,1.6574585635359116,40,100,24.07734806629834
361,CJE,2,2,KANCHIPURAM EAST,Intermediate,True,1.1049723756906076,1.1049723756906076,40,100,23.718232044198896
362,GNT,2,2,GUNTUR JN,Junction,False,1.1049723756906076,1.1049723756906076,100,0,20.718232044198896
363,PUPR,30,30,PUNNAPRA,Intermediate,False,16.574585635359114,16.574585635359114,40,0,18.773480662983424
364,TNU,30,30,TIRUNETTUR,Intermediate,False,16.574585635359114,16.574585635359114,40,0,18.773480662983424
365,DYS,24,24,DALAPATHY SAMUDRAM,Intermediate,False,13.259668508287293,13.259668508287293,40,0,16.61878453038674
366,VO,24,24,VELLODU,Intermediate,False,13.259668508287293,13.259668508287293,40,0,16.61878453038674
367,SVK,24,24,SIVARAKOTTAI,Intermediate,False,13.259668508287293,13.259668508287293,40,0,16.61878453038674
368,IVL,24,24,ILAVELANGAL,Intermediate,False,13.259668508287293,13.259668508287293,40,0,16.61878453038674
369,KYR,24,24,KARUPPATTI,Intermediate,False,13.259668508287293,13.259668508287293,40,0,16.61878453038674
370,THZI,22,22,Takazhi,Intermediate,False,12.154696132596685,12.154696132596685,40,0,15.900552486187845
371,PVN,19,19,PAVUNUR,Intermediate,False,10.497237569060774,10.497237569060774,40,0,14.823204419889503
372,KDMD,19,19,KANDAMBAKKAM,Intermediate,False,10.497237569060774,10.497237569060774,40,0,14.823204419889503
373,ULU,19,19,ULUNDURPET,Intermediate,False,10.497237569060774,10.497237569060774,40,0,14.823204419889503
374,TVNL,19,19,TIRVNLNLUR ROAD,Intermediate,False,10.497237569060774,10.497237569060774,40,0,14.823204419889503
375,KSGL,19,19,KARASANGAL,Intermediate,False,10.497237569060774,10.497237569060774,40,0,14.823204419889503
376,PRKL,19,19,PARIKKAL,Intermediate,False,10.497237569060774,10.497237569060774,40,0,14.823204419889503
377,MPLY,19,19,MEPPULIYUR,Intermediate,False,10.497237569060774,10.497237569060774,40,0,14.823204419889503
378,ALU,16,16,ARIYALUR,Intermediate,False,8.83977900552486,8.83977900552486,40,0,13.74585635359116
379,VLDE,16,16,VALADI,Intermediate,False,8.83977900552486,8.83977900552486,40,0,13.74585635359116
380,VER,16,16,VELLUR HALT,Intermediate,False,8.83977900552486,8.83977900552486,40,0,13.74585635359116
381,BXS,16,16,PICHCHANDARKOVL,Intermediate,False,8.83977900552486,8.83977900552486,40,0,13.74585635359116
382,UKV,16,16,UTTAMARKOVIL,Intermediate,False,8.83977900552486,8.83977900552486,40,0,13.74585635359116
383,GOC,16,16,PONMALAI GOLDEN ROCK,Intermediate,False,8.83977900552486,8.83977900552486,40,0,13.74585635359116
384,SNDI,16,16,SENDURAI,Intermediate,False,8.83977900552486,8.83977900552486,40,0,13.74585635359116
385,LLI,16,16,LALGUDI,Intermediate,False,8.83977900552486,8.83977900552486,40,0,13.74585635359116
386,MAND,16,16,MANDURAI,Intermediate,False,8.83977900552486,8.83977900552486,40,0,13.74585635359116
387,KLGM,16,16,KALLAGAM,Intermediate,False,8.83977900552486,8.83977900552486,40,0,13.74585635359116
388,SRGM,16,16,SRIRANGAM,Intermediate,False,8.83977900552486,8.83977900552486,40,0,13.74585635359116
389,KTTR,16,16,KATTUR,Intermediate,False,8.83977900552486,8.83977900552486,40,0,13.74585635359116
390,SLTH,16,16,SILLAKKUDI,Intermediate,False,8.83977900552486,8.83977900552486,40,0,13.74585635359116
391,ICG,16,16,ICHCHANGADU,Intermediate,False,8.83977900552486,8.83977900552486,40,0,13.74585635359116
392,TPTN,16,16,TIRUCHIRAPALI TOWN,Intermediate,False,8.83977900552486,8.83977900552486,40,0,13.74585635359116
393,TLNR,16,16,TALANALLUR,Intermediate,False,8.83977900552486,8.83977900552486,40,0,13.74585635359116
394,KKPM,16,16,KALLAKKUDI PLGH,Intermediate,False,8.83977900552486,8.83977900552486,40,0,13.74585635359116
395,PNDM,16,16,PENNADAM,Intermediate,False,8.83977900552486,8.83977900552486,40,0,13.74585635359116
396,PMB,16,16,PULLAMBADI,Intermediate,False,8.83977900552486,8.83977900552486,40,0,13.74585635359116
397,MTUR,16,16,MATHUR,Intermediate,False,8.83977900552486,8.83977900552486,40,0,13.74585635359116
398,VRT,16,16,VRIDDHACHALM TN,Intermediate,False,8.83977900552486,8.83977900552486,40,0,13.74585635359116
399,OTK,16,16,OTTAKOVIL,Intermediate,False,8.83977900552486,8.83977900552486,40,0,13.74585635359116
400,KMD,12,12,KODUMUDI,Intermediate,False,6.629834254143646,6.629834254143646,40,0,12.30939226519337
401,CVD,12,12,CHAVADIPALAIYAM,Intermediate,False,6.629834254143646,6.629834254143646,40,0,12.30939226519337
402,URL,12,12,UNJALUR,Intermediate,False,6.629834254143646,6.629834254143646,40,0,12.30939226519337
403,PGR,12,12,PUGALUR,Intermediate,False,6.629834254143646,6.629834254143646,40,0,12.30939226519337
404,PAS,12,12,PASUR,Intermediate,False,6.629834254143646,6.629834254143646,40,0,12.30939226519337
405,MPLM,12,12,MARTHIPALAYAM,Intermediate,False,6.629834254143646,6.629834254143646,40,0,12.30939226519337
406,SJL,8,8,SANGAM JAGARLAMUDI,Intermediate,False,4.41988950276243,4.41988950276243,40,0,10.872928176795579
407,NBR,8,8,NAMBURU,Intermediate,False,4.41988950276243,4.41988950276243,40,0,10.872928176795579
408,EDU,8,8,ERIODU,Intermediate,False,4.41988950276243,4.41988950276243,40,0,10.872928176795579
409,AKU,8,8,ANGALAKUDURU,Intermediate,False,4.41988950276243,4.41988950276243,40,0,10.872928176795579
410,PALM,8,8,PALAIYAM,Intermediate,False,4.41988950276243,4.41988950276243,40,0,10.872928176795579
411,VEI,8,8,VELLIYANI,Intermediate,False,4.41988950276243,4.41988950276243,40,0,10.872928176795579
412,MAG,8,8,MANGALAGIRI,Intermediate,False,4.41988950276243,4.41988950276243,40,0,10.872928176795579
413,VJA,8,8,VEJANDLA,Intermediate,False,4.41988950276243,4.41988950276243,40,0,10.872928176795579
414,NGNT,6,6,NEW GUNTUR,Intermediate,False,3.314917127071823,3.314917127071823,40,0,10.154696132596685
415,PDKN,6,6,PEDAKAKANI HALT,Intermediate,False,3.314917127071823,3.314917127071823,40,0,10.154696132596685
416,VRQ,4,4,VIRARAKKIYAM,Intermediate,False,2.209944751381215,2.209944751381215,40,0,9.43646408839779
417,PGN,4,4,PERUGAMANI,Intermediate,False,2.209944751381215,2.209944751381215,40,0,9.43646408839779
418,MVS,4,4,MANAVASI,Intermediate,False,2.209944751381215,2.209944751381215,40,0,9.43646408839779
419,TP,4,4,TIRUCHIRAPPALLI FORT,Intermediate,False,2.209944751381215,2.209944751381215,40,0,9.43646408839779
420,MUQ,4,4,MARUDUR,Intermediate,False,2.209944751381215,2.209944751381215,40,0,9.43646408839779
421,MYU,4,4,MAYANOOR,Intermediate,False,2.209944751381215,2.209944751381215,40,0,9.43646408839779
422,MTNL,4,4,MUTTARASANALLUR,Intermediate,False,2.209944751381215,2.209944751381215,40,0,9.43646408839779
423,PLI,4,4,PETTAIVAYATALAI,Intermediate,False,2.209944751381215,2.209944751381215,40,0,9.43646408839779
424,SEV,4,4,SITHALAVAI,Intermediate,False,2.209944751381215,2.209944751381215,40,0,9.43646408839779
425,MKY,4,4,MEKKUDI,Intermediate,False,2.209944751381215,2.209944751381215,40,0,9.43646408839779
426,MMH,4,4,MAHADANAPURAM,Intermediate,False,2.209944751381215,2.209944751381215,40,0,9.43646408839779
427,LP,4,4,LALAPET,Intermediate,False,2.209944751381215,2.209944751381215,40,0,9.43646408839779
428,EL,4,4,ELAMANUR,Intermediate,False,2.209944751381215,2.209944751381215,40,0,9.43646408839779
429,TPE,4,4,TIRUCHIRAPPALLI PALAKKARAI,Intermediate,False,2.209944751381215,2.209944751381215,40,0,9.43646408839779
430,TIC,4,4,TIMMACHIPURAM,Intermediate,False,2.209944751381215,2.209944751381215,40,0,9.43646408839779
431,KLT,4,4,KULITALAI,Intermediate,False,2.209944751381215,2.209944751381215,40,0,9.43646408839779
432,JPM,4,4,JIYAPURAM,Intermediate,False,2.209944751381215,2.209944751381215,40,0,9.43646408839779
433,APN,3,3,AYODHYAPATTANAM,Intermediate,False,1.6574585635359116,1.6574585635359116,40,0,9.077348066298342
434,SLME,3,3,SALEM EAST,Intermediate,False,1.6574585635359116,1.6574585635359116,40,0,9.077348066298342
435,SXT,3,3,SALEM TOWN,Intermediate,False,1.6574585635359116,1.6574585635359116,40,0,9.077348066298342
436,SAMT,3,3,SALEM MARKET,Intermediate,False,1.6574585635359116,1.6574585635359116,40,0,9.077348066298342
437,MLYR,3,3,MELNARIYAPANUR,Intermediate,False,1.6574585635359116,1.6574585635359116,40,0,9.077348066298342
438,ETP,3,3,ETTAPUR ROAD,Intermediate,False,1.6574585635359116,1.6574585635359116,40,0,9.077348066298342
439,TVS,3,3,TALAIVASAL,Intermediate,False,1.6574585635359116,1.6574585635359116,40,0,9.077348066298342
440,CHSM,3,3,CHINNA SALEM,Intermediate,False,1.6574585635359116,1.6574585635359116,40,0,9.077348066298342
441,VGE,3,3,VALAPPADI G HLT,Intermediate,False,1.6574585635359116,1.6574585635359116,40,0,9.077348066298342
442,ATU,3,3,ATTUR,Intermediate,False,1.6574585635359116,1.6574585635359116,40,0,9.077348066298342
