feature,importance
delay_minutes,0.2261690767865449
day_of_week,0.1817606588606911
station_daily_passengers,0.13695178079432424
is_peak_period,0.08628195143842689
disruption_duration_minutes,0.06210493284260755
station_code,0.05472071315307195
train_type,0.03923008584347802
hour,0.03522157011492302
affected_train_count,0.034542756099906625
disruption_type,0.034509306842153
minute,0.03268158829792283
station_category,0.031967158424005264
time_period,0.027332404854061795
train_priority,0.01580485672819177
day_type,0.0007211589196910819
