station_code,station_name,wikipedia_url
MAS,MGR Chennai Central,https://en.wikipedia.org/wiki/Chennai_Central
MS,Chennai Egmore,https://en.wikipedia.org/wiki/Chennai_Egmore_railway_station
MBM,Tambaram,https://en.wikipedia.org/wiki/Tambaram_railway_station
CGL,Chengalpattu Junction,https://en.wikipedia.org/wiki/Chengalpattu_Junction_railway_station
AJJ,Arakkonam Junction,https://en.wikipedia.org/wiki/Arakkonam_Junction_railway_station
KPD,Katpadi Junction,https://en.wikipedia.org/wiki/Katpadi_Junction_railway_station
JTJ,Jolarpettai Junction,https://en.wikipedia.org/wiki/Jolarpettai_Junction_railway_station
VM,Villupuram Junction,https://en.wikipedia.org/wiki/Villupuram_Junction_railway_station
TPJ,Tiruchirappalli Junction,https://en.wikipedia.org/wiki/Tiruchirappalli_Junction_railway_station
ED,Erode Junction,https://en.wikipedia.org/wiki/Erode_Junction_railway_station